timeStamp,elapsed,label,responseCode,responseMessage,threadName,dataType,success,failureMessage,bytes,sentBytes,grpThreads,allThreads,URL,Latency,IdleTime,Connect
1632483015004,491,Expired Expenses,200,,SampleExpensesThread 1-1,text,true,,148802,323,1,1,https://expense.localzoho.com/api/v1/expenses?per_page=50&project_id=&organization_id=64793715&filter_by=Type.Expense%2CStatus.Expired&page=1&build_label=Aug_06_2021_18097&search_text=&authtoken=d357cd61987703caadfc8f335f10e2af,460,0,0
1632485082872,1438,Expired Expenses,200,,SampleExpensesThread 1-1,text,false,"The operation lasted too long: It took 1,438 milliseconds, but should not have lasted longer than 800 milliseconds.",148805,323,1,1,https://expense.localzoho.com/api/v1/expenses?per_page=50&project_id=&organization_id=64793715&filter_by=Type.Expense%2CStatus.Expired&page=1&build_label=Aug_06_2021_18097&search_text=&authtoken=d357cd61987703caadfc8f335f10e2af,1408,0,0
1632551825013,536,Expired Expenses,200,,SampleExpensesThread 1-1,text,true,,147660,323,1,1,https://expense.localzoho.com/api/v1/expenses?per_page=50&project_id=&organization_id=64793715&filter_by=Type.Expense%2CStatus.Expired&page=1&build_label=Aug_06_2021_18097&search_text=&authtoken=d357cd61987703caadfc8f335f10e2af,441,0,0
1632552951915,492,Expired Expenses,200,,SampleExpensesThread 1-1,text,true,,147593,323,1,1,https://expense.localzoho.com/api/v1/expenses?per_page=50&project_id=&organization_id=64793715&filter_by=Type.Expense%2CStatus.Expired&page=1&build_label=Aug_06_2021_18097&search_text=&authtoken=d357cd61987703caadfc8f335f10e2af,371,0,0
1632554183707,473,Expired Expenses,200,,SampleExpensesThread 1-1,text,true,,147583,323,1,1,https://expense.localzoho.com/api/v1/expenses?per_page=50&project_id=&organization_id=64793715&filter_by=Type.Expense%2CStatus.Expired&page=1&build_label=Aug_06_2021_18097&search_text=&authtoken=d357cd61987703caadfc8f335f10e2af,411,0,0
1632555932953,556,Expired Expenses,200,,SampleExpensesThread 1-1,text,true,,147602,323,1,1,https://expense.localzoho.com/api/v1/expenses?per_page=50&project_id=&organization_id=64793715&filter_by=Type.Expense%2CStatus.Expired&page=1&build_label=Aug_06_2021_18097&search_text=&authtoken=d357cd61987703caadfc8f335f10e2af,505,0,0
1632569403444,536,Expired Expenses,200,,SampleExpensesThread 1-1,text,true,,147831,323,1,1,https://expense.localzoho.com/api/v1/expenses?per_page=50&project_id=&organization_id=64793715&filter_by=Type.Expense%2CStatus.Expired&page=1&build_label=Aug_06_2021_18097&search_text=&authtoken=d357cd61987703caadfc8f335f10e2af,436,0,0
1632569462328,455,Expired Expenses,200,,SampleExpensesThread 1-1,text,true,,149927,323,1,1,https://expense.localzoho.com/api/v1/expenses?per_page=50&project_id=&organization_id=64793715&filter_by=Type.Expense%2CStatus.Expired&page=1&build_label=Aug_06_2021_18097&search_text=&authtoken=d357cd61987703caadfc8f335f10e2af,407,0,0
1632569483262,596,Expired Expenses,200,,SampleExpensesThread 1-1,text,true,,147582,323,1,1,https://expense.localzoho.com/api/v1/expenses?per_page=50&project_id=&organization_id=64793715&filter_by=Type.Expense%2CStatus.Expired&page=1&build_label=Aug_06_2021_18097&search_text=&authtoken=d357cd61987703caadfc8f335f10e2af,554,0,0
1632570921432,475,Expired Expenses,200,,SampleExpensesThread 1-1,text,true,,147597,323,1,1,https://expense.localzoho.com/api/v1/expenses?per_page=50&project_id=&organization_id=64793715&filter_by=Type.Expense%2CStatus.Expired&page=1&build_label=Aug_06_2021_18097&search_text=&authtoken=d357cd61987703caadfc8f335f10e2af,420,0,0
1632570997278,564,Expired Expenses,200,,SampleExpensesThread 1-1,text,true,,148011,323,3,3,https://expense.localzoho.com/api/v1/expenses?per_page=50&project_id=&organization_id=64793715&filter_by=Type.Expense%2CStatus.Expired&page=1&build_label=Aug_06_2021_18097&search_text=&authtoken=d357cd61987703caadfc8f335f10e2af,487,0,0
1632570997827,654,Expired Expenses,200,,SampleExpensesThread 1-2,text,true,,147581,323,3,3,https://expense.localzoho.com/api/v1/expenses?per_page=50&project_id=&organization_id=64793715&filter_by=Type.Expense%2CStatus.Expired&page=1&build_label=Aug_06_2021_18097&search_text=&authtoken=d357cd61987703caadfc8f335f10e2af,472,0,0
1632570998481,503,Expired Expenses,200,,SampleExpensesThread 1-3,text,true,,147580,323,2,2,https://expense.localzoho.com/api/v1/expenses?per_page=50&project_id=&organization_id=64793715&filter_by=Type.Expense%2CStatus.Expired&page=1&build_label=Aug_06_2021_18097&search_text=&authtoken=d357cd61987703caadfc8f335f10e2af,445,0,0
1632601980199,539,Expired Expenses,200,,SampleExpensesThread 1-1,text,true,,149063,298,1,1,https://expense.localzoho.com/api/v1/expenses?per_page=50&organization_id=64793715&filter_by=Type.Expense%2CStatus.Expired&page=1&build_label=Aug_06_2021_18097&authtoken=d357cd61987703caadfc8f335f10e2af,485,0,0
1632643711328,527,Expired Expenses,200,,SampleExpensesThread 1-1,text,true,,149062,298,1,1,https://expense.localzoho.com/api/v1/expenses?per_page=50&organization_id=64793715&filter_by=Type.Expense%2CStatus.Expired&page=1&build_label=Aug_06_2021_18097&authtoken=d357cd61987703caadfc8f335f10e2af,435,0,0
1632652923814,590,Expired Expenses,200,,SampleExpensesThread 1-1,text,true,,153330,298,2,2,https://expense.localzoho.com/api/v1/expenses?per_page=50&organization_id=64793715&filter_by=Type.Expense%2CStatus.Expired&page=1&build_label=Aug_06_2021_18097&authtoken=d357cd61987703caadfc8f335f10e2af,499,0,0
1632652924345,639,Expired Expenses,200,,SampleExpensesThread 1-2,text,true,,153314,298,2,2,https://expense.localzoho.com/api/v1/expenses?per_page=50&organization_id=64793715&filter_by=Type.Expense%2CStatus.Expired&page=1&build_label=Aug_06_2021_18097&authtoken=d357cd61987703caadfc8f335f10e2af,548,0,0
1632655741465,503,Expired Expenses,200,,SampleExpensesThread 1-1,text,true,,149075,298,2,2,https://expense.localzoho.com/api/v1/expenses?per_page=50&organization_id=64793715&filter_by=Type.Expense%2CStatus.Expired&page=1&build_label=Aug_06_2021_18097&authtoken=d357cd61987703caadfc8f335f10e2af,439,0,0
1632655741966,513,Expired Expenses,200,,SampleExpensesThread 1-2,text,true,,149062,298,2,2,https://expense.localzoho.com/api/v1/expenses?per_page=50&organization_id=64793715&filter_by=Type.Expense%2CStatus.Expired&page=1&build_label=Aug_06_2021_18097&authtoken=d357cd61987703caadfc8f335f10e2af,452,0,0
1632655785538,548,Expired Expenses,200,,SampleExpensesThread 1-1,text,true,,149058,298,2,2,https://expense.localzoho.com/api/v1/expenses?per_page=50&organization_id=64793715&filter_by=Type.Expense%2CStatus.Expired&page=1&build_label=Aug_06_2021_18097&authtoken=d357cd61987703caadfc8f335f10e2af,447,0,0
1632655786167,590,Expired Expenses,200,,SampleExpensesThread 1-2,text,true,,149058,298,2,2,https://expense.localzoho.com/api/v1/expenses?per_page=50&organization_id=64793715&filter_by=Type.Expense%2CStatus.Expired&page=1&build_label=Aug_06_2021_18097&authtoken=d357cd61987703caadfc8f335f10e2af,520,0,0
1632656662851,479,Expired Expenses,200,,SampleExpensesThread 1-1,text,true,,149315,298,2,2,https://expense.localzoho.com/api/v1/expenses?per_page=50&organization_id=64793715&filter_by=Type.Expense%2CStatus.Expired&page=1&build_label=Aug_06_2021_18097&authtoken=d357cd61987703caadfc8f335f10e2af,418,0,0
1632656663196,660,Expired Expenses,200,,SampleExpensesThread 1-2,text,true,,149059,298,2,2,https://expense.localzoho.com/api/v1/expenses?per_page=50&organization_id=64793715&filter_by=Type.Expense%2CStatus.Expired&page=1&build_label=Aug_06_2021_18097&authtoken=d357cd61987703caadfc8f335f10e2af,600,0,0
1632656968835,476,Expired Expenses,200,,SampleExpensesThread 1-1,text,true,,149061,298,2,2,https://expense.localzoho.com/api/v1/expenses?per_page=50&organization_id=64793715&filter_by=Type.Expense%2CStatus.Expired&page=1&build_label=Aug_06_2021_18097&authtoken=d357cd61987703caadfc8f335f10e2af,422,0,0
1632656969275,501,Expired Expenses,200,,SampleExpensesThread 1-2,text,true,,149079,298,2,2,https://expense.localzoho.com/api/v1/expenses?per_page=50&organization_id=64793715&filter_by=Type.Expense%2CStatus.Expired&page=1&build_label=Aug_06_2021_18097&authtoken=d357cd61987703caadfc8f335f10e2af,439,0,0
1632657184476,480,Expired Expenses,200,,SampleExpensesThread 1-1,text,true,,149071,298,2,2,https://expense.localzoho.com/api/v1/expenses?per_page=50&organization_id=64793715&filter_by=Type.Expense%2CStatus.Expired&page=1&build_label=Aug_06_2021_18097&authtoken=d357cd61987703caadfc8f335f10e2af,406,0,0
1632657185033,529,Expired Expenses,200,,SampleExpensesThread 1-2,text,true,,149061,298,2,2,https://expense.localzoho.com/api/v1/expenses?per_page=50&organization_id=64793715&filter_by=Type.Expense%2CStatus.Expired&page=1&build_label=Aug_06_2021_18097&authtoken=d357cd61987703caadfc8f335f10e2af,485,0,0
1632678405811,490,Expired Expenses,200,,SampleExpensesThread 1-1,text,true,,149096,298,1,1,https://expense.localzoho.com/api/v1/expenses?per_page=50&organization_id=64793715&filter_by=Type.Expense%2CStatus.Expired&page=1&build_label=Aug_06_2021_18097&authtoken=d357cd61987703caadfc8f335f10e2af,448,0,0
1632679405832,480,Expired Expenses,200,,SampleExpensesThread 1-1,text,true,,149103,298,1,1,https://expense.localzoho.com/api/v1/expenses?per_page=50&organization_id=64793715&filter_by=Type.Expense%2CStatus.Expired&page=1&build_label=Aug_06_2021_18097&authtoken=d357cd61987703caadfc8f335f10e2af,387,0,0
1635341632383,30,Expired Expenses,Non HTTP response code: javax.net.ssl.SSLHandshakeException,Non HTTP response message: Received fatal alert: bad_certificate,SampleExpensesThread 1-1,text,false,,2697,0,1,1,https://expense.localzoho.com/api/v1/expenses?per_page=50&organization_id=64793715&filter_by=Type.Expense%2CStatus.Expired&page=1&build_label=Aug_06_2021_18097&authtoken=d357cd61987703caadfc8f335f10e2af,0,0,30
